title,price_gbp,rating,availability,product_url,scraped_at,in_stock,price_category,rating_label
The Third Wave: An Entrepreneurâs Vision of the Future,12.61,5,In stock,https://books.toscrape.com/the-third-wave-an-entrepreneurs-vision-of-the-future_862/index.html,2026-09-29T19:30:40,True,£10–£20,5 Star
Princess Between Worlds (Wide-Awake Princess #5),13.34,5,In stock,https://books.toscrape.com/princess-between-worlds-wide-awake-princess-5_919/index.html,2026-09-29T19:30:38,True,£10–£20,5 Star
"Princess Jellyfish 2-in-1 Omnibus, Vol. 01 (Princess Jellyfish 2-in-1 Omnibus #1)",13.61,5,In stock,https://books.toscrape.com/princess-jellyfish-2-in-1-omnibus-vol-01-princess-jellyfish-2-in-1-omnibus-1_920/index.html,2026-09-29T19:30:38,True,£10–£20,5 Star
Sophie's World,15.94,5,In stock,https://books.toscrape.com/sophies-world_966/index.html,2026-09-29T19:30:34,True,£10–£20,5 Star
Thirst,17.27,5,In stock,https://books.toscrape.com/thirst_946/index.html,2026-09-29T19:30:36,True,£10–£20,5 Star
Set Me Free,17.46,5,In stock,https://books.toscrape.com/catalogue/set-me-free_988/index.html,2026-09-29T19:30:33,True,£10–£20,5 Star
The Four Agreements: A Practical Guide to Personal Freedom,17.66,5,In stock,https://books.toscrape.com/the-four-agreements-a-practical-guide-to-personal-freedom_970/index.html,2026-09-29T19:30:34,True,£10–£20,5 Star
Redeeming Love,20.47,5,In stock,https://books.toscrape.com/redeeming-love_826/index.html,2026-09-29T19:30:42,True,£20–£30,5 Star
"The Inefficiency Assassin: Time Management Tactics for Working Smarter, Not Longer",20.59,5,In stock,https://books.toscrape.com/the-inefficiency-assassin-time-management-tactics-for-working-smarter-not-longer_935/index.html,2026-09-29T19:30:37,True,£20–£30,5 Star
#HigherSelfie: Wake Up Your Life. Free Your Soul. Find Your Tribe.,23.11,5,In stock,https://books.toscrape.com/higherselfie-wake-up-your-life-free-your-soul-find-your-tribe_957/index.html,2026-09-29T19:30:36,True,£20–£30,5 Star
